Calb1	AGTTCGG
Rasgrf2	CTTCGTT
Tafa1	CGAGTGG
Enpp2	ACCGTAG
Col19a1	TAACGCG
Rorb	GCTAGAG
Slc24a3	GTCGAAC
Galntl6	TTGTTAG
Il1rapl2	CATTACG
Tafa2	TCCATTA
Galnt14	CGGCCTC
Cdh9	TACCACA
Rasl10a	AACTAGT
Sorcs3	GTTCCTA
Sdk1	TCGCGAA
Nr4a2	ATGTGAA
Gfra1	TGCGAAT
Oprk1	GTCATCG
Col11a1	TGTCGAT
Synpr	TACAGTT
Tshz2	TGAAGAG
Nxph1	CCGTGCA
Kcnip1	ACAAGAT
Grik1	TATCTGG
Vwc2l	TTCACCA
Coro6	AATAGGC
Lpp	TATTGTG
Kcnn2	AACGCAC
Rab3c	GGAGCTG
Foxp2	AGATTAC
Zfpm2	TCATAGT
Hs3st4	ACTTAGA
Nrp1	CGTAGTC
Tle4	TAATCTC
Cplx3	ACGCTTA
Ccn2	TGGATTC
Svil	TTCTAGG
Fbxl7	AGGTACT
Inpp4b	AGCAGAC
Car3	CCGATGC
Otof	TGGCAGG
Hgf	GCATGCG
Fezf2	GATTCGA
Lamp5	TCTGCCG
Dab1	GGTGTCC
Zmat4	ATACATA
Hs6st3	CAGGTTC
Nrsn1	GAACTTA
Satb1	GGCCTAA
Camk4	CCACACT
Rgs4	CACCGAA
Pcp4	AAGACTC
Hs3st2	ACTCGCC
Tmsb10	CTCGCGG
Cdh13	CGCAACT
Igsf21	CCGGCAC
Gria1	TAGGCGG
Zfp804a	ATTGACA
Brinp3	CTAAGGT
Cbln2	TATAGAA
Etv1	ATGGTAC
Nnat	CTATGTG
Lypd1	AAGTTGC
Ncam2	CATCCTG
Alcam	CTCTACA
Timp2	GCCGAGT
Zfp804b	TGCTTGT
Marcksl1	ATTCGGA
Kctd1	TTGACAC
Ptprk	AGAGGTC
Sgcd	GTTGTTG
Efna5	ATGCCTG
Syt17	CGACCGT
Olfm3	TCAGATA
Trhde	GTTATAC
Pam	ATCTCCT
Slc24a2	TCGTTGA
Spock3	TGGTCTG
Tmtc2	CAGTGGT
Dcc	CTTATTA
Grin3a	CTCGTAA
Car10	AACGTCT
Nrg1	TTCAATC
Prkca	CATAGCT
Ncald	CCACCAA
Htr2a	CATCTCA
Syt2	TGTAATT
Nell1	AGAGACG
Sv2c	CAAGCCA
Rcan2	GCACTAT
Reln	CTGCGAC
Gpc5	TTCATAT
Lmo4	CGCAGGA
Scnn1a	AATCTTC
Actb	TATATCC
Cux2	ATTCTAG
Lrrtm4	CGTCATA
Rora	ATAATAA
Fat3	GCAGAAG
Tenm3	GCTCTGA
C1ql3	AAGCAGA
Dgkb	CAGAAGG
Cpne4	TAAGACC
Hcn1	TTATGAC
Cdh18	CCATCTT
Gnb4	CCTACGA
unused-1	AGGCTCC
unused-2	AATTGCA
unused-3	GCTAAGC
unused-4	GCCAGTC
unused-5	ACATCAG
