	gene	sequence
0	Calb1	AGTTCGG
1	Rasgrf2	CTTCGTT
2	Tafa1	CGAGTGG
3	Enpp2	ACCGTAG
4	Col19a1	TAACGCG
5	Rorb	GCTAGAG
6	Slc24a3	GTCGAAC
7	Galntl6	TTGTTAG
8	Il1rapl2	CATTACG
9	Tafa2	TCCATTA
10	Galnt14	CGGCCTC
11	Cdh9	TACCACA
12	Rasl10a	AACTAGT
13	Sorcs3	GTTCCTA
14	Sdk1	TCGCGAA
15	Nr4a2	ATGTGAA
16	Gfra1	TGCGAAT
17	Oprk1	GTCATCG
18	Col11a1	TGTCGAT
19	Synpr	TACAGTT
20	Tshz2	TGAAGAG
21	Nxph1	CCGTGCA
22	Kcnip1	ACAAGAT
23	Grik1	TATCTGG
24	Vwc2l	TTCACCA
25	Coro6	AATAGGC
26	Lpp	TATTGTG
27	Kcnn2	AACGCAC
28	Rab3c	GGAGCTG
29	Foxp2	AGATTAC
30	Zfpm2	TCATAGT
31	Hs3st4	ACTTAGA
32	Nrp1	CGTAGTC
33	Tle4	TAATCTC
34	Cplx3	ACGCTTA
35	Ccn2	TGGATTC
36	Svil	TTCTAGG
37	Fbxl7	AGGTACT
38	Inpp4b	AGCAGAC
39	Car3	CCGATGC
40	Otof	TGGCAGG
41	Hgf	GCATGCG
42	Fezf2	GATTCGA
43	Lamp5	TCTGCCG
44	Dab1	GGTGTCC
45	Zmat4	ATACATA
46	Hs6st3	CAGGTTC
47	Nrsn1	GAACTTA
48	Satb1	GGCCTAA
49	Camk4	CCACACT
50	Rgs4	CACCGAA
51	Pcp4	AAGACTC
52	Hs3st2	ACTCGCC
53	Tmsb10	CTCGCGG
54	Cdh13	CGCAACT
55	Igsf21	CCGGCAC
56	Gria1	TAGGCGG
57	Zfp804a	ATTGACA
58	Brinp3	CTAAGGT
59	Cbln2	TATAGAA
60	Etv1	ATGGTAC
61	Nnat	CTATGTG
62	Lypd1	AAGTTGC
63	Ncam2	CATCCTG
64	Alcam	CTCTACA
65	Timp2	GCCGAGT
66	Zfp804b	TGCTTGT
67	Marcksl1	ATTCGGA
68	Kctd1	TTGACAC
69	Ptprk	AGAGGTC
70	Sgcd	GTTGTTG
71	Efna5	ATGCCTG
72	Syt17	CGACCGT
73	Olfm3	TCAGATA
74	Trhde	GTTATAC
75	Pam	ATCTCCT
76	Slc24a2	TCGTTGA
77	Spock3	TGGTCTG
78	Tmtc2	CAGTGGT
79	Dcc	CTTATTA
80	Grin3a	CTCGTAA
81	Car10	AACGTCT
82	Nrg1	TTCAATC
83	Prkca	CATAGCT
84	Ncald	CCACCAA
85	Htr2a	CATCTCA
86	Syt2	TGTAATT
87	Nell1	AGAGACG
88	Sv2c	CAAGCCA
89	Rcan2	GCACTAT
90	Reln	CTGCGAC
91	Gpc5	TTCATAT
92	Lmo4	CGCAGGA
93	Scnn1a	AATCTTC
94	Actb	TATATCC
95	Cux2	ATTCTAG
96	Lrrtm4	CGTCATA
97	Rora	ATAATAA
98	Fat3	GCAGAAG
99	Tenm3	GCTCTGA
100	C1ql3	AAGCAGA
101	Dgkb	CAGAAGG
102	Cpne4	TAAGACC
103	Hcn1	TTATGAC
104	Cdh18	CCATCTT
105	Gnb4	CCTACGA
106	unused-1	AGGCTCC
107	unused-2	AATTGCA
108	unused-3	GCTAAGC
109	unused-4	GCCAGTC
110	unused-5	ACATCAG
